,pdb_id,res,noe,X,H,Hnoe,height,rel_height,noe_res,inter,resnum,noe_resnum,res_diff,atom_type,atom_type_pos,rank
40,2K52,G6,P5HA,111.714,9.294,4.033,9761,1.0,P5,True,6,5,1,HA,HA_i-1,1.0
44,2K52,G6,HA2,111.714,9.294,4.343,7200,0.7376293412560189,G6,False,6,6,0,HA,HA_i,2.0
51,2K52,G6,I57HA,111.714,9.294,4.397,4881,0.5000512242598094,I57,True,6,57,-51,HA,HA_far,3.0
116,2K52,G11,K10HA,113.808,9.089,4.838,13752,1.0,K10,True,11,10,1,HA,HA_i-1,1.0
122,2K52,G11,HA2,113.808,9.089,4.878,11536,0.8388598022105875,G11,False,11,11,0,HA,HA_i,2.0
128,2K52,G11,E51HA,113.808,9.089,5.167,1218,0.08856893542757417,E51,True,11,51,-40,HA,HA_far,4.0
132,2K52,G11,I53HA,113.808,9.089,4.942,3257,0.23683827806864455,I53,True,11,53,-42,HA,HA_far,3.0
293,2K52,G20,E17HA,108.408,7.015,4.743,5408,0.9597160603371784,E17,True,20,17,3,HA,HA_far,2.0
297,2K52,G20,K18HA,108.408,7.015,3.997,2470,0.4383318544809228,K18,True,20,18,2,HA,HA_far,4.0
299,2K52,G20,Y19HA,108.408,7.015,4.717,5408,0.9597160603371784,Y19,True,20,19,1,HA,HA_i-1,2.0
304,2K52,G20,HA2,108.408,7.015,4.231,5635,1.0,G20,False,20,20,0,HA,HA_i,1.0
307,2K52,G20,A21HA,108.408,7.015,5.12,587,0.104170363797693,A21,True,20,21,-1,HA,HA_i+1,5.0
559,2K52,G31,N24HA,109.418,9.047,5.571,10829,1.0,N24,True,31,24,7,HA,HA_far,1.0
563,2K52,G31,R30HA,109.418,9.047,5.592,9974,0.9210453412134084,R30,True,31,30,1,HA,HA_i-1,2.0
569,2K52,G31,HA2,109.418,9.047,3.461,2978,0.275002308615754,G31,False,31,31,0,HA,HA_i,3.0
572,2K52,G31,L32HA,109.418,9.047,4.843,2906,0.26835349524425156,L32,True,31,32,-1,HA,HA_i+1,4.0
907,2K52,G49,T14HA,117.211,9.425,4.617,1396,0.14814814814814814,T14,True,49,14,35,HA,HA_far,3.0
909,2K52,G49,V48HA,117.211,9.425,3.359,9423,1.0,V48,True,49,48,1,HA,HA_i-1,1.0
914,2K52,G49,HA2,117.211,9.425,4.482,5711,0.6060702536347236,G49,False,49,49,0,HA,HA_i,2.0
393,2JRM,G16,A12HA,113.363,8.439,4.603,6732,1.0,A12,True,16,12,4,HA,HA_far,1.0
396,2JRM,G16,Q13HA,113.363,8.439,4.332,3746,0.5564468211527035,Q13,True,16,13,3,HA,HA_far,4.0
399,2JRM,G16,S14HA,113.363,8.439,4.281,4050,0.6016042780748663,S14,True,16,14,2,HA,HA_far,3.0
412,2JRM,G16,Y17HA,113.363,8.439,4.014,1609,0.23900772430184195,Y17,True,16,17,-1,HA,HA_i+1,6.0
419,2JRM,G16,W40HA,113.363,8.439,4.586,6732,1.0,W40,True,16,40,-24,HA,HA_far,1.0
424,2JRM,G16,G43HA3,113.363,8.439,4.258,2353,0.34952465834818774,G43,True,16,43,-27,HA,HA_far,5.0
523,2JRM,G20,G16HA2,107.003,8.527,1.849,2235,0.47992269701524587,G16,True,20,16,4,HA,HA_far,2.0
545,2JRM,G20,G23HA3,107.003,8.527,4.102,770,0.16534249516856345,G23,True,20,23,-3,HA,HA_far,3.0
547,2JRM,G20,W44HA,107.003,8.527,3.578,4657,1.0,W44,True,20,44,-24,HA,HA_far,1.0
623,2JRM,G23,A19HA,106.65,7.586,4.194,2892,0.6531165311653117,A19,True,23,19,4,HA,HA_far,2.0
626,2JRM,G23,G20HA2,106.65,7.586,3.101,931,0.21025293586269195,G20,True,23,20,3,HA,HA_far,4.0
629,2JRM,G23,L21HA,106.65,7.586,3.696,4428,1.0,L21,True,23,21,2,HA,HA_far,1.0
641,2JRM,G23,R24HA,106.65,7.586,4.508,1311,0.296070460704607,R24,True,23,24,-1,HA,HA_i+1,3.0
1171,2JRM,G42,Q13HA,108.413,8.283,4.332,1975,0.11765056293560493,Q13,True,42,13,29,HA,HA_far,6.0
1172,2JRM,G42,G16HA3,108.413,8.283,3.742,3645,0.21713230475963544,G16,True,42,16,26,HA,HA_far,3.0
1173,2JRM,G42,R37HA,108.413,8.283,3.857,16787,1.0,R37,True,42,37,5,HA,HA_far,1.0
1175,2JRM,G42,S38HA,108.413,8.283,4.13,2101,0.12515637100137011,S38,True,42,38,4,HA,HA_far,4.0
1177,2JRM,G42,Y39HA,108.413,8.283,4.213,6811,0.4057306248883064,Y39,True,42,39,3,HA,HA_far,2.0
1179,2JRM,G42,W40HA,108.413,8.283,4.586,1354,0.08065765175433372,W40,True,42,40,2,HA,HA_far,7.0
1194,2JRM,G42,G43HA2,108.413,8.283,4.124,2101,0.12515637100137011,G43,True,42,43,-1,HA,HA_i+1,4.0
1201,2JRM,G43,Q13HA,109.904,8.181,4.332,9194,0.8942709853127128,Q13,True,43,13,30,HA,HA_far,2.0
1205,2JRM,G43,G16HA3,109.904,8.181,3.742,2286,0.2223519112926758,G16,True,43,16,27,HA,HA_far,5.0
1207,2JRM,G43,Y17HA,109.904,8.181,4.014,2973,0.2891742048438868,Y17,True,43,17,26,HA,HA_far,3.0
1209,2JRM,G43,Y39HA,109.904,8.181,4.213,10281,1.0,Y39,True,43,39,4,HA,HA_far,1.0
1212,2JRM,G43,W40HA,109.904,8.181,4.586,2564,0.2493920824822488,W40,True,43,40,3,HA,HA_far,4.0
1215,2JRM,G43,L41HA,109.904,8.181,4.405,1659,0.16136562591187628,L41,True,43,41,2,HA,HA_far,6.0
1226,2JRM,G43,W44HA,109.904,8.181,3.578,832,0.08092597996303862,W44,True,43,44,-1,HA,HA_i+1,7.0
1565,2JRM,G54,E50HA,110.315,8.228,4.007,5552,1.0,E50,True,54,50,4,HA,HA_far,1.0
1567,2JRM,G54,K51HA,110.315,8.228,4.057,2034,0.36635446685878964,K51,True,54,51,3,HA,HA_far,4.0
1569,2JRM,G54,Q52HA,110.315,8.228,4.189,2125,0.3827449567723343,Q52,True,54,52,2,HA,HA_far,3.0
1580,2JRM,G54,L55HA,110.315,8.228,4.174,2167,0.39030979827089335,L55,True,54,55,-1,HA,HA_i+1,2.0
710,2LEA,G40,F61HA,115.247,9.023,4.829,3223,1.0,F61,True,40,61,-21,HA,HA_far,1.0
1395,2LEA,G76,D75HA,117.81,8.68,4.413,6977,0.966879157427938,D75,True,76,75,1,HA,HA_i-1,2.0
1399,2LEA,G76,HA2,117.81,8.68,3.684,7216,1.0,G76,False,76,76,0,HA,HA_i,1.0
1406,2LEA,G76,L84HA,117.81,8.68,4.55,1077,0.14925166297117518,L84,True,76,84,-8,HA,HA_far,4.0
1410,2LEA,G76,R85HA,117.81,8.68,5.154,2792,0.3869179600886918,R85,True,76,85,-9,HA,HA_far,3.0
1501,2LEA,G81,V78HA,100.657,8.008,4.64,3562,0.341383937128618,V78,True,81,78,3,HA,HA_far,3.0
1506,2LEA,G81,D80HA,100.657,8.008,4.233,6402,0.6135710178263369,D80,True,81,80,1,HA,HA_i-1,2.0
1510,2LEA,G81,HA2,100.657,8.008,3.468,10434,1.0,G81,False,81,81,0,HA,HA_i,1.0
1513,2LEA,G81,R82HA,100.657,8.008,4.546,2890,0.2769791067663408,R82,True,81,82,-1,HA,HA_i+1,4.0
1753,2LEA,G92,Y91HA,110.707,7.969,4.466,631,0.7441037735849056,Y91,True,92,91,1,HA,HA_i-1,2.0
1757,2LEA,G92,HA2,110.707,7.969,3.642,848,1.0,G92,False,92,92,0,HA,HA_i,1.0
659,2K57,G28,D24HA,111.55,8.267,4.575,207,1.0,D24,True,28,24,4,HA,HA_far,1.0
223,2KD0,G20,M81HA,119.629,9.275,4.96,4558,1.0,M81,True,20,81,-61,HA,HA_far,1.0
1678,2KD0,G73,A76HA,114.445,7.722,4.363,9593,1.0,A76,True,73,76,-3,HA,HA_far,1.0
1701,2KD0,G75,L15HA,115.986,9.718,5.025,9270,0.10374581715219411,L15,True,75,15,60,HA,HA_far,2.0
1712,2KD0,G75,A76HA,115.986,9.718,4.363,89353,1.0,A76,True,75,76,-1,HA,HA_i+1,1.0
456,2MA6,G27,V22HA,111.6,8.73,4.68,54,1.0,V22,True,27,22,5,HA,HA_far,1.0
460,2MA6,G27,F23HA,111.6,8.73,5.39,41,0.7592592592592593,F23,True,27,23,4,HA,HA_far,2.0
47,2KRS,G3,K32HA,108.2,8.86,5.14,2330,0.14573430072554416,K32,True,3,32,-29,HA,HA_far,3.0
49,2KRS,G3,V33HA,108.2,8.86,5.02,15988,1.0,V33,True,3,33,-30,HA,HA_far,1.0
54,2KRS,G3,E34HA,108.2,8.86,4.78,3736,0.23367525644233175,E34,True,3,34,-31,HA,HA_far,2.0
56,2KRS,G3,I35HA,108.2,8.86,4.1,151,0.009444583437578183,I35,True,3,35,-32,HA,HA_far,4.0
396,2KRS,G16,G52HA2,109.5,6.94,3.76,347,1.0,G52,True,16,52,-36,HA,HA_far,1.0
487,2KRS,G22,R14HA,107.8,8.45,5.76,316,1.0,R14,True,22,14,8,HA,HA_far,1.0
541,2KRS,G25,N12HA,109.2,7.77,5.03,1161,1.0,N12,True,25,12,13,HA,HA_far,1.0
543,2KRS,G25,M13HA,109.2,7.77,4.97,385,0.33161068044788977,M13,True,25,13,12,HA,HA_far,3.0
547,2KRS,G25,R14HA,109.2,7.77,5.76,1040,0.8957795004306632,R14,True,25,14,11,HA,HA_far,2.0
1242,2KRS,G52,S15HA,113.1,8.43,4.58,71,0.017266536964980546,S15,True,52,15,37,HA,HA_far,3.0
1245,2KRS,G52,I45HA,113.1,8.43,5.55,411,0.09995136186770429,I45,True,52,45,7,HA,HA_far,2.0
1252,2KRS,G52,R46HA,113.1,8.43,5.31,4112,1.0,R46,True,52,46,6,HA,HA_far,1.0
352,2LX7,G26,T8HA,111.6,8.42,4.29,271,0.26778656126482214,T8,True,26,8,18,HA,HA_far,2.0
357,2LX7,G26,L9HA,111.6,8.42,4.09,1012,1.0,L9,True,26,9,17,HA,HA_far,1.0
665,2LX7,G42,R49HA,113.8,9.13,5.77,899,1.0,R49,True,42,49,-7,HA,HA_far,1.0
667,2LX7,G42,G50HA2,113.8,9.13,4.51,79,0.0878754171301446,G50,True,42,50,-8,HA,HA_far,3.0
669,2LX7,G42,W51HA,113.8,9.13,5.77,899,1.0,W51,True,42,51,-9,HA,HA_far,1.0
810,2LX7,G50,E41HA,109.2,8.71,4.31,486,0.8617021276595744,E41,True,50,41,9,HA,HA_far,2.0
812,2LX7,G50,G42HA2,109.2,8.71,4.99,259,0.4592198581560284,G42,True,50,42,8,HA,HA_far,3.0
814,2LX7,G50,E43HA,109.2,8.71,5.54,564,1.0,E43,True,50,43,7,HA,HA_far,1.0
839,2LTM,G67,I71HA,109.194,8.558,5.168,3272,1.0,I71,True,67,71,-4,HA,HA_far,1.0
1405,2LTM,G100,F96HA,109.375,7.205,4.06,3528,0.39317953861584753,F96,True,100,96,4,HA,HA_far,2.0
1407,2LTM,G100,F97HA,109.375,7.205,4.025,8973,1.0,F97,True,100,97,3,HA,HA_far,1.0
1409,2LTM,G100,A98HA,109.375,7.205,4.247,1242,0.13841524573721165,A98,True,100,98,2,HA,HA_far,4.0
1412,2LTM,G100,S99HA,109.375,7.205,4.145,2680,0.2986737991753037,S99,True,100,99,1,HA,HA_i-1,3.0
134,1YEZ,G14,E55HA,113.295,9.262,4.685,0,,E55,True,14,55,-41,HA,HA_far,
647,1YEZ,G47,I21HA,116.505,8.892,4.082,0,,I21,True,47,21,26,HA,HA_far,
650,1YEZ,G47,Q22HA,116.505,8.892,4.579,0,,Q22,True,47,22,25,HA,HA_far,
1606,2LF2,G71,E75HA,117.8,8.96,4.08,304,0.17049915872125632,E75,True,71,75,-4,HA,HA_far,2.0
1608,2LF2,G71,E76HA,117.8,8.96,5.03,1783,1.0,E76,True,71,76,-5,HA,HA_far,1.0
2021,2LF2,G94,Y83HA,107.0,8.55,4.88,176,1.0,Y83,True,94,83,11,HA,HA_far,1.0
2032,2LF2,G94,K95HA,107.0,8.55,5.44,4,0.022727272727272728,K95,True,94,95,-1,HA,HA_i+1,3.0
2035,2LF2,G94,D115HA,107.0,8.55,5.0,98,0.5568181818181818,D115,True,94,115,-21,HA,HA_far,2.0
2078,2LF2,G97,S79HA,105.8,7.91,4.91,611,0.6935300794551645,S79,True,97,79,18,HA,HA_far,2.0
2080,2LF2,G97,I80HA,105.8,7.91,5.54,28,0.03178206583427923,I80,True,97,80,17,HA,HA_far,4.0
2085,2LF2,G97,C81HA,105.8,7.91,4.93,881,1.0,C81,True,97,81,16,HA,HA_far,1.0
2095,2LF2,G97,F98HA,105.8,7.91,5.17,93,0.10556186152099886,F98,True,97,98,-1,HA,HA_i+1,3.0
2170,2LF2,G103,A101HA,109.9,7.75,2.11,1082,1.0,A101,True,103,101,2,HA,HA_far,1.0
2518,2LF2,G122,D120HA,111.2,9.25,4.85,3546,0.32009387976168985,D120,True,122,120,2,HA,HA_far,3.0
2522,2LF2,G122,K121HA,111.2,9.25,4.8,9647,0.870825058674851,K121,True,122,121,1,HA,HA_i-1,2.0
2528,2LF2,G122,HA2,111.2,9.25,3.6,11078,1.0,G122,False,122,122,0,HA,HA_i,1.0
2531,2LF2,G122,E123HA,111.2,9.25,4.09,535,0.04829391586929049,E123,True,122,123,-1,HA,HA_i+1,4.0
3110,2LF2,G146,T142HA,106.1,7.86,3.91,505,0.11407273548678563,T142,True,146,142,4,HA,HA_far,6.0
3114,2LF2,G146,I143HA,106.1,7.86,3.95,1049,0.23695504856562005,I143,True,146,143,3,HA,HA_far,5.0
3118,2LF2,G146,Q144HA,106.1,7.86,4.13,1494,0.337474587756946,Q144,True,146,144,2,HA,HA_far,4.0
3122,2LF2,G146,M145HA,106.1,7.86,4.46,1915,0.4325728484300881,M145,True,146,145,1,HA,HA_i-1,3.0
3128,2LF2,G146,HA2,106.1,7.86,4.03,4427,1.0,G146,False,146,146,0,HA,HA_i,1.0
3131,2LF2,G146,F147HA,106.1,7.86,4.27,2707,0.6114750395301559,F147,True,146,147,-1,HA,HA_i+1,2.0
3214,2LF2,G150,G146HA2,106.3,8.18,4.03,289,0.05900367496937525,G146,True,150,146,4,HA,HA_far,6.0
3217,2LF2,G150,F147HA,106.3,8.18,4.27,641,0.13086974275214372,F147,True,150,147,3,HA,HA_far,3.0
3220,2LF2,G150,K148HA,106.3,8.18,3.3,401,0.08187015108207432,K148,True,150,148,2,HA,HA_far,5.0
3224,2LF2,G150,E149HA,106.3,8.18,3.77,4898,1.0,E149,True,150,149,1,HA,HA_i-1,1.0
3230,2LF2,G150,HA2,106.3,8.18,3.68,3951,0.8066557778685177,G150,False,150,150,0,HA,HA_i,2.0
3233,2LF2,G150,I151HA,106.3,8.18,3.98,417,0.08513679052674561,I151,True,150,151,-1,HA,HA_i+1,4.0
3636,2LF2,G165,L161HA,109.9,8.25,4.16,1081,0.14079187288356343,L161,True,165,161,4,HA,HA_far,4.0
3639,2LF2,G165,L162HA,109.9,8.25,4.05,4584,0.5970304766866371,L162,True,165,162,3,HA,HA_far,2.0
3644,2LF2,G165,V163HA,109.9,8.25,4.16,1081,0.14079187288356343,V163,True,165,163,2,HA,HA_far,4.0
3649,2LF2,G165,S164HA,109.9,8.25,4.39,2131,0.27754623599895806,S164,True,165,164,1,HA,HA_i-1,3.0
3653,2LF2,G165,HA2,109.9,8.25,3.99,7678,1.0,G165,False,165,165,0,HA,HA_i,1.0
3656,2LF2,G165,K166HA,109.9,8.25,4.28,101,0.013154467309195103,K166,True,165,166,-1,HA,HA_i+1,6.0
